Label,Type,Description,URL,Path
Agent Clusters,Category,Systems that run many agents together as a managed group or fleet.,,Agent Clusters
IntentKit,Project,,https://github.com/crestalnetwork/intentkit,Agent Clusters
Agent Collaboration,Category,"Protocols, patterns and platforms for agents to collaborate on shared tasks.",,Agent Collaboration
AgentVerse,Project,,https://github.com/Peiiii/AgentVerse,Agent Collaboration
Agent to Agent,Category,Communication protocols and transports that let agents talk directly to other agents.,,Agent to Agent
OpenAgents,Project,,https://github.com/openagents-org/openagents,Agent to Agent
AgentChattr,Project,,https://github.com/bcurts/agentchattr,Agent to Agent
ConnectOnion,Project,,https://github.com/openonion/connectonion,Agent to Agent
Experiments,Category,,,Agent to Agent › Experiments
Voices,Category,,,Agent to Agent › Experiments › Voices
Gibberlink,Project,,https://github.com/PennyroyalTea/gibberlink,Agent to Agent › Experiments › Voices
Agent Tools,Category,,,Agent Tools
Comms,Category,,,Agent Tools › Comms
MCP Agent Mail,Project,,https://github.com/Dicklesworthstone/mcp_agent_mail,Agent Tools › Comms
Agents,Category,General agent projects and agent subtypes that do not fit more specific segments.,,Agents
Xata Agent,Project,,https://github.com/xataio/agent,Agents
Autonomous,Category,,,Agents › Autonomous
Trading,Category,,,Agents › Autonomous › Trading
AI-Trader,Project,,https://github.com/HKUDS/AI-Trader,Agents › Autonomous › Trading
Autonomous Agent Creation,Category,,,Agents › Autonomous Agent Creation
BankrBot Skills,Project,,https://github.com/BankrBot/skills,Agents › Autonomous Agent Creation
Backend Platforms,Category,,,Agents › Backend Platforms
Dify,Project,,https://github.com/langgenius/dify,Agents › Backend Platforms
CLIs/Toolkits,Category,,,Agents › CLIs/Toolkits
Vendor (CLIs/Toolkits),Category,,,Agents › CLIs/Toolkits › Vendor
Qwen Code,Project,,https://github.com/QwenLM/qwen-code,Agents › CLIs/Toolkits › Vendor
Computer Use (Agents),Category,"Agents and frameworks that operate a computer the way a human would (mouse, keyboard, screen).",,Agents › Computer Use
open-computer-use,Project,,https://github.com/coasty-ai/open-computer-use,Agents › Computer Use
Development,Category,,,Agents › Development
OpenHands,Project,,https://github.com/OpenHands/OpenHands,Agents › Development
Domain Specific,Category,,,Agents › Domain Specific
Biotech,Category,,,Agents › Domain Specific › Biotech
Biomni,Project,,https://github.com/snap-stanford/Biomni,Agents › Domain Specific › Biotech
Frameworks (Agents),Category,General-purpose frameworks for building agents and agentic applications.,,Agents › Frameworks
Open Source (Frameworks),Category,,,Agents › Frameworks › Open Source
Hermes Agent,Project,,https://github.com/NousResearch/hermes-agent,Agents › Frameworks › Open Source
Frontends (Agents),Category,"User-facing interfaces — web, desktop, mobile, terminal — for interacting with agents.",,Agents › Frontends
OpenClaw Mission Control,Project,,https://github.com/abhi1693/openclaw-mission-control,Agents › Frontends
Harnesses (Agents),Category,Test harnesses and runner frameworks that host and exercise agents.,,Agents › Harnesses
CLIs,Category,,,Agents › Harnesses › CLIs
Third Party (CLIs),Category,,,Agents › Harnesses › CLIs › Third Party
Crush,Project,,https://github.com/charmbracelet/crush,Agents › Harnesses › CLIs › Third Party
Vendor (CLIs),Category,,,Agents › Harnesses › CLIs › Vendor
Gemini CLI,Project,,https://github.com/google-gemini/gemini-cli,Agents › Harnesses › CLIs › Vendor
Memory (Agents),Category,"Memory systems for agents — short-term, long-term, episodic, file-backed, graph-backed.",,Agents › Memory
Graph Builders,Category,,,Agents › Memory › Graph Builders
Graphiti,Project,,https://github.com/getzep/graphiti,Agents › Memory › Graph Builders
Crucix,Project,,https://github.com/calesthio/Crucix,Personal AI
Purpose Specific,Category,,,Agents › Purpose Specific
INKOS,Project,,https://github.com/Narcooo/inkos,Agents › Purpose Specific
Penetration Testing,Category,,,Agents › Purpose Specific › Penetration Testing
Pentagi,Project,,https://github.com/vxcontrol/pentagi,Agents › Purpose Specific › Penetration Testing
Team Formation,Category,,,Agents › Team Formation
Squad,Project,,https://github.com/bradygaster/squad,Agents › Team Formation
Teams,Category,,,Agents › Teams
AI Data Science Team,Project,,https://github.com/business-science/ai-data-science-team,Agents › Teams
Vision,Category,,,Agents › Vision
Vision Agents,Project,,https://github.com/GetStream/Vision-Agents,Agents › Vision
AI Browsers,Category,"Browsers built or adapted specifically for AI agent use, including headless variants optimised for programmatic navigation.",,AI Browsers
BrowserOS,Project,,https://github.com/browseros-ai/BrowserOS,AI Browsers
Headless,Category,,,AI Browsers › Headless
Lightpanda Browser,Project,,https://github.com/lightpanda-io/browser,AI Browsers › Headless
Steel Browser,Project,,https://github.com/steel-dev/steel-browser,AI Browsers › Headless
Automation,Category,"General-purpose automation tools and frameworks, including GUI-driven and script-driven flows.",,Automation
Open Source (Automation),Category,,,Automation › Open Source
GUI Based,Category,,,Automation › Open Source › GUI Based
Activepieces,Project,,https://github.com/activepieces/activepieces,Automation › Open Source › GUI Based
Flowise,Project,,https://github.com/FlowiseAI/Flowise,Automation › Open Source › GUI Based
Backend Querying,Category,"Tools that let agents query backend systems, databases and APIs.",,Backend Querying
MindsDB,Project,,https://github.com/mindsdb/mindsdb,Backend Querying
Benchmarks,Category,Standardised benchmarks for evaluating agent and model capabilities.,,Benchmarks
AICGSecEval,Project,,https://github.com/Tencent/AICGSecEval,Benchmarks
OSWorld,Project,,https://github.com/xlang-ai/OSWorld,Benchmarks
Browser Automation,Category,Libraries and services for driving real browsers under agent control.,,Browser Automation
Vibium,Project,,https://github.com/VibiumDev/vibium,Browser Automation
Browser Tooling,Category,Utilities and SDKs that sit alongside browsers to support agentic workflows.,,Browser Tooling
Agent Browser,Project,,https://github.com/vercel-labs/agent-browser,Browser Tooling
Computer Use,Category,"Agents and frameworks that operate a computer the way a human would (mouse, keyboard, screen).",,Computer Use
Platform Specific (Computer Use),Category,,,Computer Use › Platform Specific
macOS (Platform Specific),Category,,,Computer Use › Platform Specific › macOS
macOS-use,Project,,https://github.com/browser-use/macOS-use,Computer Use › Platform Specific › macOS
Context,Category,"Tools for building, optimising, managing and visualising the context window supplied to LLMs.",,Context
PromptX,Project,,https://github.com/Deepractice/PromptX,Context
WeKnora,Project,,https://github.com/Tencent/WeKnora,Context
Context Optimisation,Category,,,Context › Context Optimisation
context-mode,Project,,https://github.com/mksglu/context-mode,Context › Context Optimisation
Engines (Context),Category,,,Context › Engines
Contexto,Project,,https://github.com/ekailabs/contexto,Context › Engines
Frontend Tools,Category,,,Context › Frontend Tools
react-grab,Project,,https://github.com/aidenybai/react-grab,Context › Frontend Tools
Tools,Category,"Utility tools, SDKs and toolkits for building, debugging and extending agentic systems.",,Context › Tools
Context Managers,Category,,,Context › Tools › Context Managers
dotai,Project,,https://github.com/udecode/dotai,Context › Tools › Context Managers
Visualisation,Category,,,Context › Visualisation
context-lens,Project,,https://github.com/larsderidder/context-lens,Context › Visualisation
Conversational Control,Category,Systems that steer or constrain multi-turn conversations with agents.,,Conversational Control
Parlant,Project,,https://github.com/emcie-co/parlant,Conversational Control
Data Extraction and Structuring,Category,Tools that convert unstructured data into structured form for agents to consume.,,Data Extraction and Structuring
Firecrawl,Project,,https://github.com/firecrawl/firecrawl,Data Extraction and Structuring
Data Sources,Category,Curated data feeds and providers that agents can draw on.,,Data Sources
Financial,Category,,,Data Sources › Financial
OpenBB,Project,,https://github.com/OpenBB-finance/OpenBB,Data Sources › Financial
Databases,Category,"Database systems used in agentic stacks, including purpose-built context and vector stores.",,Databases
Context Databases,Category,Databases specifically designed for storing and retrieving agent/LLM context.,,Databases › Context Databases
OpenViking,Project,,https://github.com/volcengine/OpenViking,Databases › Context Databases
Deployment Platforms,Category,Platforms for deploying and hosting agents and agentic services.,,Deployment Platforms
Serverless,Category,,,Deployment Platforms › Serverless
Julep,Project,,https://github.com/julep-ai/julep,Deployment Platforms › Serverless
Hello Halo,Project,,https://github.com/openkursar/hello-halo,Agents › Desktop GUIs
Dev Tools,Category,Developer tooling that uses agents or supports agent development workflows.,,Dev Tools
Repo Refactoring,Category,,,Dev Tools › Repo Refactoring
AgentRC,Project,,https://github.com/microsoft/agentrc,Dev Tools › Repo Refactoring
Development Platforms,Category,End-to-end platforms for building agentic applications.,,Development Platforms
Coze Studio,Project,,https://github.com/coze-dev/coze-studio,Development Platforms
Embedding Models,Category,Models used to produce embeddings for retrieval and RAG pipelines.,,Embedding Models
Embedding Pipeline Orchestrators,Category,Orchestration tools that manage embedding generation and ingestion pipelines.,,Embedding Pipeline Orchestrators
Engineering Platforms,Category,Platforms targeted at engineering teams building with LLMs and agents.,,Engineering Platforms
VoltAgent,Project,,https://github.com/VoltAgent/voltagent,Engineering Platforms
Environments,Category,"Sandboxed environments — OS, simulated worlds, virtual machines — in which agents run.",,Environments
OS,Category,,,Environments › OS
agent-os,Project,,https://github.com/rivet-dev/agent-os,Environments › OS
Remote Desktops,Category,Hosted remote desktop / VM services providing agents with a persistent GUI environment to operate.,,Environments › Remote Desktops
Abacus Desktop,Project,,https://desktop.abacus.ai/,Environments › Remote Desktops
cua.ai,Project,,https://cua.ai/,Environments › Remote Desktops
Evals and Experiment Tracking,Category,"Frameworks, harnesses and platforms for evaluating agents and tracking experiments.",,Evals and Experiment Tracking
TruLens,Project,,https://github.com/truera/trulens,Evals and Experiment Tracking
LangWatch,Project,,https://github.com/langwatch/langwatch,Evals and Experiment Tracking
Frameworks (Evals and Experiment Tracking),Category,General-purpose frameworks for building agents and agentic applications.,,Evals and Experiment Tracking › Frameworks
DeepEval,Project,,https://github.com/confident-ai/deepeval,Evals and Experiment Tracking › Frameworks
Observability (Evals and Experiment Tracking),Category,"Logging, tracing and observability specifically for agent and LLM systems.",,Evals and Experiment Tracking › Observability
Langfuse,Project,,https://github.com/langfuse/langfuse,Evals and Experiment Tracking › Observability
Feedback Formatting,Category,"Tools that shape feedback signals (tool output, user input) into forms agents can act on.",,Feedback Formatting
Agentation,Project,,https://github.com/benjitaylor/agentation,Feedback Formatting
Financial Tools,Category,Agent-oriented tools targeted at financial workflows.,,Financial Tools
GOAT,Project,,https://github.com/goat-sdk/goat,Financial Tools
Formatting,Category,Token-efficient serialisation and data-formatting schemes for passing structured data to and from LLMs.,,Formatting
TOON,Project,,https://github.com/toon-format/toon,Formatting
Foundations,Category,"Industry foundations, consortia and non-profits shaping the agentic AI ecosystem.",,Foundations
Agentic AI Industry Foundation (AAIF),Project,,https://aaif.io/,Foundations
Frameworks,Category,General-purpose frameworks for building agents and agentic applications.,,Frameworks
AutoGen,Project,,https://github.com/microsoft/autogen,Frameworks
uAgents,Project,,https://github.com/fetchai/uAgents,Frameworks
II-Agent,Project,,https://github.com/Intelligent-Internet/ii-agent,Frameworks
AgentForge,Project,,https://github.com/DataBassGit/AgentForge,Frameworks
EvoAgentX,Project,,https://github.com/EvoAgentX/EvoAgentX,Frameworks
AIOpsLab,Project,,https://github.com/microsoft/AIOpsLab,Frameworks
.NET,Category,,,Frameworks › .NET
BotSharp,Project,,https://github.com/SciSharp/BotSharp,Frameworks › .NET
Computer Use (Frameworks),Category,"Agents and frameworks that operate a computer the way a human would (mouse, keyboard, screen).",,Frameworks › Computer Use
Agent-S,Project,,https://github.com/simular-ai/Agent-S,Frameworks › Computer Use
CAMEL,Project,,https://github.com/camel-ai/camel,Frameworks › Multiagent Orchestration
Multiagent Orchestration,Category,,,Frameworks › Multiagent Orchestration
CrewAI,Project,,https://github.com/crewAIInc/crewAI,Frameworks › Multiagent Orchestration
Multimodal,Category,,,Frameworks › Multimodal
VideoSDK Agents,Project,,https://github.com/videosdk-live/agents,Frameworks › Multimodal
Optimisation,Category,,,Frameworks › Optimisation
Parallelisation,Category,,,Frameworks › Optimisation › Parallelisation
EnsoAI,Project,,https://github.com/J3n5en/EnsoAI,Frameworks › Optimisation › Parallelisation
Social Simulations (Frameworks),Category,,,Frameworks › Social Simulations
Concordia,Project,,https://github.com/google-deepmind/concordia,Frameworks › Social Simulations
Moltbook,Project,,,Frameworks › Social Simulations
Stateful Design,Category,,,Frameworks › Stateful Design
Letta,Project,,https://github.com/letta-ai/letta,Frameworks › Stateful Design
Voice (Frameworks),Category,Voice-first agents and voice interaction frameworks.,,Frameworks › Voice
LiveKit Agents,Project,,https://github.com/livekit/agents,Frameworks › Voice
TEN Framework,Project,,https://github.com/TEN-framework/ten-framework,Frameworks › Voice
Frontends,Category,"User-facing interfaces — web, desktop, mobile, terminal — for interacting with agents.",,Frontends
Android (Frontends),Category,,,Frontends › Android
Operit,Project,,https://github.com/AAswordman/Operit,Frontends › Android
Chat UIs,Category,,,Frontends › Chat UIs
Agent UI,Project,,https://github.com/agno-agi/agent-ui,Frontends › Chat UIs
GUIs and CLIs,Category,,,Frontends › GUIs and CLIs
Goose,Project,,https://github.com/aaif-goose/goose,Frontends › GUIs and CLIs
TUIs and CLIs,Category,,,Frontends › TUIs and CLIs
Agent Deck,Project,,https://github.com/asheshgoplani/agent-deck,Frontends › TUIs and CLIs
Gateways,Category,"Gateway services that sit between agents and upstream services (LLMs, tools, data).",,Gateways
Context Compression (Gateways),Category,,,Gateways › Context Compression
Context-Gateway,Project,,https://github.com/Compresr-ai/Context-Gateway,Gateways › Context Compression
Geopolitical Simulation,Category,Simulations focused specifically on geopolitical scenarios and dynamics.,,Geopolitical Simulation
WargamesAI,Project,,https://github.com/user1342/WargamesAI,Geopolitical Simulation
Snowglobe,Project,,https://github.com/IQTLabs/snowglobe,Geopolitical Simulation
Harnesses,Category,"Execution-layer scaffolding that wraps agents for real runs — sub-agent dispatch, long-horizon coherence, checkpointing, platform-specific runtimes.",,Harnesses
Hive,Project,,https://github.com/aden-hive/hive,Harnesses
oh-my-openagent,Project,,https://github.com/code-yeongyu/oh-my-openagent,Harnesses
Deep Research,Category,"Harnesses for multi-step research workflows with planning, tool use, and synthesis.",,Harnesses › Deep Research
DeepAgents,Project,,https://github.com/langchain-ai/deepagents,Harnesses › Deep Research
Shellfirm,Project,,https://github.com/kaplanelad/shellfirm,Guardrails
Osaurus,Project,,https://github.com/osaurus-ai/osaurus,Harnesses › Platform Specific › macOS
LLMs,Category,"Language models, including those trained or tuned specifically for agentic use cases.",,LLMs
Gemini 3.1,Project,,,LLMs
Agent Specific,Category,,,LLMs › Agent Specific
Grok 4.20 Multi-Agent,Project,,https://openrouter.ai/x-ai/grok-4.20-multi-agent,LLMs › Agent Specific
By Use Case,Category,,,LLMs › By Use Case
Computer Use (By Use Case),Category,"Agents and frameworks that operate a computer the way a human would (mouse, keyboard, screen).",,LLMs › By Use Case › Computer Use
Fara,Project,,https://github.com/microsoft/fara,LLMs › By Use Case › Computer Use
Loops,Category,Agent loop implementations — the core think/act/observe cycle.,,Loops
Ralph,Project,,https://github.com/snarktank/ralph,Loops
Marketplaces,Category,"Marketplaces and stores for discovering, listing, or transacting agents and agent-based services.",,Marketplaces
agen.cy Marketplace,Project,,https://marketplace.agen.cy/,Marketplaces
AI Agent Store,Project,,https://aiagentstore.ai/,Marketplaces
MCP,Category,"Projects in the Model Context Protocol ecosystem — servers, gateways, aggregators, clients.",,MCP
Aggregation,Category,,,MCP › Aggregation
Klavis,Project,,https://github.com/Klavis-AI/klavis,MCP › Aggregation
Gateways (MCP),Category,"Gateway services that sit between agents and upstream services (LLMs, tools, data).",,MCP › Gateways
MCP Context Forge,Project,,https://github.com/IBM/mcp-context-forge,MCP › Gateways
Third Party (MCP),Category,,,MCP › Third Party
MCP Server Airbnb,Project,,https://github.com/openbnb-org/mcp-server-airbnb,MCP › Third Party
Memory,Category,"Memory systems for agents — short-term, long-term, episodic, file-backed, graph-backed.",,Memory
Cognee,Project,,https://github.com/topoteretes/cognee,Memory
AgentMemory,Project,,https://github.com/rohitg00/agentmemory,Memory
Mem0,Project,,https://github.com/mem0ai/mem0,Memory
MemOS,Project,,https://github.com/MemTensor/MemOS,Memory
File,Category,,,Memory › File
Memvid,Project,,https://github.com/memvid/memvid,Memory › File
Regressive,Category,,,Memory › Regressive
Agentic Context Engine,Project,,https://github.com/kayba-ai/agentic-context-engine,Memory › Regressive
Skills (Memory),Category,"Agent skills ecosystems — registries, bundles, standards, guides and package libraries.",,Memory › Skills
Acontext,Project,,https://github.com/memodb-io/Acontext,Memory › Skills
Multiagent,Category,Systems built around multiple cooperating or competing agents.,,Multiagent
Large Scale Experiments,Category,,,Multiagent › Large Scale Experiments
AgentTorch,Project,,https://github.com/AgentTorch/AgentTorch,Multiagent › Large Scale Experiments
Swarm Prediction,Category,,,Multiagent › Swarm Prediction
MiroFish,Project,,https://github.com/666ghj/MiroFish,Multiagent › Swarm Prediction
AgentsMesh,Project,,https://github.com/AgentsMesh/AgentsMesh,Workspaces
Gastown,Project,,https://github.com/gastownhall/gastown,Workspaces
Networks,Category,Agent networks and directories — social/professional platforms where agents and their creators are listed and interconnected.,,Networks
agent.ai,Project,,https://agent.ai/,Networks
Observability,Category,"Logging, tracing and observability specifically for agent and LLM systems.",,Observability
RagaAI Catalyst,Project,,https://github.com/raga-ai-hub/RagaAI-Catalyst,Observability
On Device Agents,Category,"Agents designed to run on-device, including phones, SBCs and edge hardware.",,On Device Agents
SBCs,Category,,,On Device Agents › SBCs
be-more-agent,Project,,https://github.com/brenpoly/be-more-agent,On Device Agents › SBCs
Operations,Category,"Operational concerns for running agents in production — cost, monitoring, reliability.",,Operations
Cost Monitoring,Category,,,Operations › Cost Monitoring
AgentOps,Project,,https://github.com/AgentOps-AI/agentops,Operations › Cost Monitoring
Optimisation Platform,Category,Platforms focused on optimising agent/LLM pipelines.,,Optimisation Platform
Coze Loop,Project,,https://github.com/coze-dev/coze-loop,Optimisation Platform
Orchestration,Category,"Orchestration engines for coordinating agents, tools and workflows.",,Orchestration
Shannon,Project,,https://github.com/Kocoro-lab/Shannon,Orchestration
Conductor,Project,,https://github.com/conductor-oss/conductor,Orchestration
AI Maestro,Project,,https://github.com/23blocks-OS/ai-maestro,Orchestration
Agent Orchestrator,Project,,https://github.com/ComposioHQ/agent-orchestrator,Orchestration
Platform-Specific,Category,,,Orchestration › Platform-Specific
Agent Squad,Project,,https://github.com/awslabs/agent-squad,Orchestration › Platform-Specific
Nanobot,Project,,https://github.com/HKUDS/nanobot,Personal AI
Personal AI,Category,Personal AI assistants and related projects.,,Personal AI
Assistants,Category,,,Personal AI › Assistants
OpenClaw,Project,,https://github.com/openclaw/openclaw,Personal AI › Assistants
Leon,Project,,https://github.com/leon-ai/leon,Personal AI › Assistants
Personification,Category,"Tools for giving agents distinct personas, voices and identities.",,Personification
Bub,Project,,https://github.com/bubbuild/bub,Personification
Pipelines,Category,Reusable pipelines for common agentic workloads.,,Pipelines
Paper2Agent,Project,,https://github.com/jmiao24/Paper2Agent,Pipelines
Platforms,Category,General platforms that host or enable agentic applications.,,Platforms
Embodied,Category,,,Platforms › Embodied
Fairo,Project,,https://github.com/facebookresearch/fairo,Platforms › Embodied
Proxy,Category,Proxy services that sit between clients and LLM/agent backends.,,Proxy
Gateways (Proxy),Category,"Gateway services that sit between agents and upstream services (LLMs, tools, data).",,Proxy › Gateways
AgentGateway,Project,,https://github.com/agentgateway/agentgateway,Proxy › Gateways
LiteLLM,Project,,https://github.com/BerriAI/litellm,Proxy › Gateways
MCP to OpenAI,Category,,,Proxy › MCP to OpenAI
MCPO,Project,,https://github.com/open-webui/mcpo,Proxy › MCP to OpenAI
RAG,Category,"Retrieval-augmented generation engines, frameworks and components.",,RAG
Airweave,Project,,https://github.com/airweave-ai/airweave,RAG
Engines (RAG),Category,,,RAG › Engines
RAGFlow,Project,,https://github.com/infiniflow/ragflow,RAG › Engines
Reinforcement Learning,Category,RL frameworks and environments used to train agentic behaviour.,,Reinforcement Learning
RLinf,Project,,https://github.com/RLinf/RLinf,Reinforcement Learning
Acme,Project,,https://github.com/google-deepmind/acme,Reinforcement Learning
Routers,Category,"Routing layers that select between models, tools or agents based on cost, capability or intent.",,Routers
Cost Optimisation,Category,,,Routers › Cost Optimisation
RelayPlane Proxy,Project,,https://github.com/RelayPlane/proxy,Routers › Cost Optimisation
Intelligent,Category,,,Routers › Intelligent
Semantic Router,Project,,https://github.com/vllm-project/semantic-router,Routers › Intelligent
Tool Specific,Category,,,Routers › Tool Specific
ClawRouter,Project,,https://github.com/BlockRunAI/ClawRouter,Routers › Tool Specific
Runtimes,Category,"Execution runtimes — sandboxes, data layers, kernels — that host running agents.",,Runtimes
OpenShell,Project,,https://github.com/NVIDIA/OpenShell,Runtimes
Data Layers,Category,,,Runtimes › Data Layers
Deep Lake,Project,,https://github.com/activeloopai/deeplake,Runtimes › Data Layers
Policy Engines,Category,Runtime policy engines that evaluate and enforce rules on agent actions.,,Runtimes › Policy Engines
Aegis,Project,,https://github.com/Justin0504/Aegis,Runtimes › Policy Engines
Sandboxes,Category,,,Runtimes › Sandboxes
OpenSandbox,Project,,https://github.com/alibaba/OpenSandbox,Runtimes › Sandboxes
SaaS Builders,Category,"Hosted SaaS platforms for building agents and agentic workflows, spanning no-code, visual, and code-defined paradigms.",,SaaS Builders
No Code,Category,"Builders targeted at non-programmers, typically form- and config-driven with minimal visual wiring.",,SaaS Builders › No Code
Visual Programming,Category,Builders where flows are expressed as node-and-edge graphs or canvas-based visual programs.,,SaaS Builders › Visual Programming
n8n,Project,,https://n8n.io/,SaaS Builders › Visual Programming
Workflow Focused,Category,"Visual builders oriented around structured, multi-step workflows rather than free-form agents.",,SaaS Builders › Visual Programming › Workflow Focused
Gumloop,Project,,https://www.gumloop.com/,SaaS Builders › Visual Programming › Workflow Focused
MindStudio,Project,,https://www.mindstudio.ai/,SaaS Builders › Visual Programming › Workflow Focused
Code-Defined,Category,"Hosted builders where agents and workflows are primarily defined in code (SDK, DSL, or config-as-code).",,SaaS Builders › Code-Defined
Security,Category,"Security tooling for agents: sandboxing, red teaming, defensive automation.",,Security
agent-scan,Project,,https://github.com/snyk/agent-scan,Security
AgentGuard,Project,,https://github.com/GoPlusSecurity/agentguard,Security
Automation (Security),Category,"General-purpose automation tools and frameworks, including GUI-driven and script-driven flows.",,Security › Automation
Tracecat,Project,,https://github.com/TracecatHQ/tracecat,Security › Automation
Control Planes,Category,"Centralised control planes for governing, auditing, and enforcing policy across agent fleets.",,Security › Control Planes
Cordum,Project,,https://github.com/cordum-io/cordum,Security › Control Planes
Red Team,Category,,,Security › Red Team
Rogue,Project,,https://github.com/qualifire-dev/rogue,Security › Red Team
Sandboxing,Category,,,Security › Sandboxing
Microsandbox,Project,,https://github.com/superradcompany/microsandbox,Security › Sandboxing
Skills,Category,"Agent skills ecosystems — registries, bundles, standards, guides and package libraries.",,Skills
Agent Skills,Project,,https://github.com/addyosmani/agent-skills,Skills
Bundles,Category,,,Skills › Bundles
Claude Code,Category,,,Skills › Bundles › Claude Code
Marketing Skills,Project,,https://github.com/coreyhaines31/marketingskills,Skills › Bundles › Claude Code
Guides,Category,,,Skills › Guides
Taste Skill,Project,,https://github.com/Leonxlnx/taste-skill,Skills › Guides
Package Library,Category,,,Skills › Package Library
Vercel Skills,Project,,https://github.com/vercel-labs/skills,Skills › Package Library
Registries,Category,,,Skills › Registries
Agent Skills (tech-leads-club),Project,,https://github.com/tech-leads-club/agent-skills,Skills › Registries
Standards (Skills),Category,Proposed and emerging standards across the agentic ecosystem.,,Skills › Standards
AgentSkills,Project,,https://github.com/agentskills/agentskills,Skills › Standards
Societal Simulations,Category,Large-scale simulations of societies and human behaviour using agent populations.,,Societal Simulations
OASIS,Project,,https://github.com/camel-ai/oasis,Societal Simulations
Software Extensions,Category,Extensions and plugins that add agentic capabilities to existing software.,,Software Extensions
Jupyter AI,Project,,https://github.com/jupyterlab/jupyter-ai,Software Extensions
Standards,Category,Proposed and emerging standards across the agentic ecosystem.,,Standards
Emerging (Ecosystem-Tied),Category,Emerging standards whose adoption is tied to a specific host ecosystem (e.g. a browser engine or platform vendor) rather than being fully vendor-neutral.,,Standards › Emerging (Ecosystem-Tied)
WebMCP,Project,,https://webmcp.dev/,Standards › Emerging (Ecosystem-Tied)
WebMCP (Chrome EPP),Project,,https://developer.chrome.com/blog/webmcp-epp,Standards › Emerging (Ecosystem-Tied)
Proposed,Category,,,Standards › Proposed
GitAgent,Project,,https://github.com/open-gitagent/gitagent,Standards › Proposed
AIUC-1,Project,,https://www.aiuc-1.com/,Standards › Proposed
Ratified,Category,Standards with a published specification and active governance.,,Standards › Ratified
A2A (Agent2Agent Protocol),Project,,https://github.com/a2aproject/A2A,Standards › Ratified
AG-UI (Agent User Interaction Protocol),Project,,https://docs.ag-ui.com/introduction,Standards › Ratified
MCP (Model Context Protocol),Project,,https://modelcontextprotocol.io/specification/2025-11-25,Standards › Ratified
Starter Kits,Category,Opinionated starter kits and templates for kicking off agentic projects.,,Starter Kits
Social Simulations (Starter Kits),Category,,,Starter Kits › Social Simulations
AI Town,Project,,https://github.com/a16z-infra/ai-town,Starter Kits › Social Simulations
Synthesised Perspectives,Category,Tools that synthesise multiple viewpoints or agent outputs into a unified perspective.,,Synthesised Perspectives
Plurals,Project,,https://github.com/josh-ashkinaze/plurals,Synthesised Perspectives
LLM Council,Project,,https://github.com/karpathy/llm-council,Synthesised Perspectives
Task Specific,Category,Agents and tools built for a single specific task rather than general use.,,Task Specific
Product Design,Category,,,Task Specific › Product Design
Superdesign,Project,,https://github.com/superdesigndev/superdesign,Task Specific › Product Design
Vercel AI SDK,Project,,https://github.com/vercel/ai,Frameworks
Langflow,Project,,https://github.com/langflow-ai/langflow,Frameworks
Agent Device,Project,,https://github.com/callstackincubator/agent-device,On Device Agents › Android
Stagehand,Project,,https://github.com/browserbase/stagehand,Browser Tooling
cua,Project,,https://github.com/trycua/cua,Computer Use
usecomputer,Project,,https://github.com/remorses/usecomputer,Computer Use › CLI
Agent-Reach,Project,,https://github.com/Panniantong/Agent-Reach,RAG › Ingestion
vLLora,Project,,https://github.com/vllora/vllora,Dev Tools › Debugging
AgentKit,Project,,https://github.com/coinbase/agentkit,Financial Tools
Roo-Code,Project,,https://github.com/RooCodeInc/Roo-Code,Dev Tools › IDE Integrations
Composio,Project,,https://github.com/ComposioHQ/composio,Integrations
cmux,Project,,https://github.com/manaflow-ai/cmux,Computer Use › Platform Specific › macOS
Agentic Flow,Project,,https://github.com/ruvnet/agentic-flow,Routers › Intelligent
osgrep,Project,,https://github.com/Ryandonofrio3/osgrep,Semantic Search
UI-Venus,Project,,https://github.com/inclusionAI/UI-Venus,Computer Use › Vision UI
Unreal Engine MCP,Project,,https://github.com/flopperam/unreal-engine-mcp,World Generation › MCP
Trainers,Category,Training frameworks and tools for agent models.,,Trainers
Agent Lightning,Project,,https://github.com/microsoft/agent-lightning,Trainers
Uncategorized,Category,"Holding area for projects awaiting classification. Entries here are a todo list, not a destination.",,Uncategorized
Agency Agents,Project,,https://github.com/msitarzewski/agency-agents,Uncategorized
Upserting Tools,Category,Tools that manage upserting data into vector stores and retrieval indexes.,,Upserting Tools
UX,Category,User-experience patterns and components specifically for agent systems.,,UX
Human in the Loop,Category,"Interfaces and workflows for inserting humans into agent execution — approvals, task handoff, review queues.",,UX › Human in the Loop
Agent Inbox,Project,,https://github.com/langchain-ai/agent-inbox,UX › Human in the Loop
Orchestra,Project,,https://github.com/b12io/orchestra,UX › Human in the Loop
Vector Databases,Category,Vector databases used for embedding storage and similarity search.,,Vector Databases
Qdrant,Project,,https://github.com/qdrant/qdrant,Vector Databases
Voice,Category,Voice-first agents and voice interaction frameworks.,,Voice
Bolna,Project,,https://github.com/bolna-ai/bolna,Voice
Workflow Definition,Category,"Tools and DSLs for authoring agent workflows as first-class, portable artifacts.",,Workflow Definition
Packmind,Project,,https://github.com/PackmindHub/packmind,Workflow Definition
Workspaces,Category,Shared workspaces where agents and humans (or multiple agents) collaborate.,,Workspaces
LobeHub,Project,,https://github.com/lobehub/lobehub,Workspaces
World Generation,Category,Tools and models for generating simulated worlds for agents to operate in.,,World Generation
ML-Agents,Project,,https://github.com/Unity-Technologies/ml-agents,World Generation
Android (On Device Agents),Category,Android-specific agent runtimes and device-level automation.,,On Device Agents › Android
CLI,Category,CLI-based computer-use agents and tools.,,Computer Use › CLI
Ingestion,Category,Pipelines that ingest and process documents into retrieval systems.,,RAG › Ingestion
Debugging,Category,Debugging and introspection tools for agent development.,,Dev Tools › Debugging
IDE Integrations,Category,IDE extensions and plugins for agent-assisted development.,,Dev Tools › IDE Integrations
Integrations,Category,Agent-to-SaaS connector platforms: Composio-style libraries exposing third-party APIs as agent tools.,,Integrations
Semantic Search,Category,Semantic search tools for agents operating over codebases and local content.,,Semantic Search
Vision UI,Category,Vision-based UI understanding models for computer-use agents.,,Computer Use › Vision UI
MCP (World Generation),Category,MCP servers for world and scene generation.,,World Generation › MCP
Prompt Management,Category,"Versioning, registries, and lifecycle management for prompts as first-class artifacts.",,Prompt Management
Structured Output,Category,"Libraries that constrain LLM outputs to typed schemas, JSON, or formal grammars.",,Structured Output
Semantic Caching,Category,Cache layers that serve semantically equivalent LLM responses to cut cost and latency.,,Semantic Caching
Inference Servers,Category,"LLM inference servers and runtimes (vLLM, TGI, llama.cpp, SGLang) that agents call into.",,Inference Servers
Synthetic Data,Category,Tools for generating synthetic training and evaluation data for agents.,,Synthetic Data
Annotation,Category,"Human labeling, RLHF, and feedback-collection platforms for agent training data.",,Annotation
Identity and Auth,Category,"Agent identity, credential vaulting, and delegated authentication for tool access.",,Identity and Auth
PII and Redaction,Category,"PII detection, content sanitization, and safety filtering for agent I/O.",,PII and Redaction
Agent Analytics,Category,"Product analytics for agent behaviour: funnels, retention, conversation quality, task success.",,Agent Analytics
Guardrails,Category,Guardrails and pre-execution safety checks that gate what running agents can do.,,Guardrails
Desktop GUIs,Category,Desktop graphical interfaces for interacting with agents.,,Agents › Desktop GUIs
Sub-agent Dispatch,Category,Libraries and runtimes that spawn isolated sub-agent contexts to offload work and preserve main-thread coherence.,,Harnesses › Sub-agent Dispatch
Checkpointing,Category,"Save and restore agent execution state across interruptions, crashes, or session boundaries.",,Harnesses › Checkpointing
Task Coherence,Category,"Progress trackers, self-reflection loops, and plan-revision utilities that keep long-running agent tasks on course.",,Harnesses › Task Coherence
Retry and Recovery,Category,"Failure handling, automatic rerun on tool errors, and partial-result recovery for agent loops.",,Harnesses › Retry and Recovery
Context Compression (Harnesses),Category,"Harness-level summarisation and pruning that rolls the context window during a run, distinct from gateway-level compression in the request path.",,Harnesses › Context Compression
Platform Specific (Harnesses),Category,Harnesses that target a specific host OS or environment for native integration.,,Harnesses › Platform Specific
macOS (Platform Specific),Category,Harnesses that run agents natively on macOS.,,Harnesses › Platform Specific › macOS
